Stream,Stream_ID,Site,Replicate,Reach,Blacknosedace,Bluegill,Bluntnoseminnow,Clinchdace,Cottus,Creekchub,Fantaildarter,Northernhogsucker,Rainbowdarter,Redbreastsunfish,Rockbass,Rosysidedace,Snubnosedarter,Stoneroller,Whiteshiner,Whitesucker,Average_width,Average_depth,Average_substrate_size,Number_of_pools,Pool_volume,developed,farm,forested,rock,water,wetland,StreamSlope,Elevation,Order
Alvy Creek,1,1,1,0-50,1,0,0,0,1,0,1,0,0,0,0,0,0,1,0,0,2.083333333,9.388888889,83.72222222,1,1.465,0,0.004,0.995999998,0,0,0,0.025019,511.3934628,3
Alvy Creek,1,2,2,100-150,1,0,0,0,0,1,0,0,0,0,0,0,0,0,0,0,2.866666667,8.203703704,36.88888889,2,3.775,0,0.004,0.995999998,0,0,0,0.025019,511.3934628,3
Alvy Creek,1,3,3,200-250,1,0,0,0,0,1,0,0,0,0,0,0,0,0,0,0,3.133333333,7.796296296,77.03703704,3,3.665,0,0.004,0.995999998,0,0,0,0.025019,511.3934628,3
Alvy Creek,1,4,4,300-350,1,0,0,0,0,1,0,0,0,0,0,0,0,0,0,0,1.783333333,6.796296296,46.01851852,1,0.975,0,0.004,0.995999998,0,0,0,0.025019,511.3934628,3
Alvy Creek,1,5,5,400-450,1,0,0,0,0,1,0,0,0,0,0,0,0,0,0,0,2.05,5.444444444,29.35185185,4,5.18,0,0.004,0.995999998,0,0,0,0.025019,511.3934628,3
Alvy Creek,1,6,6,500-550,1,0,0,0,0,0,0,0,0,0,0,0,0,0,0,0,1.816666667,8.777777778,43.03703704,1,6.3,0,0.004,0.995999998,0,0,0,0.025019,511.3934628,3
Beech Fork,2,7,1,0-50,0,0,0,0,0,0,0,0,0,0,0,0,0,0,0,0,3.2,12.27777778,37.12962963,2,11.575,0,0,1,0,0,0,0.015531,540.0119008,4
Beech Fork,2,8,2,100-150,1,0,0,0,1,1,0,0,0,0,0,0,0,0,0,1,4.616666667,9.481481481,47.05555556,1,1.79,0,0,1,0,0,0,0.015531,540.0119008,4
Beech Fork,2,9,3,200-250,1,0,0,0,1,0,0,0,0,0,0,0,0,1,0,0,1.45,8.481481481,32.48148148,2,3.91,0,0,1,0,0,0,0.015531,540.0119008,4
Beech Fork,2,10,4,300-350,1,0,0,0,1,1,0,0,0,0,0,0,0,0,0,0,1.233333333,4.814814815,26.64814815,1,2.66,0,0,1,0,0,0,0.015531,540.0119008,4
Beech Fork,2,11,5,400-450,1,0,0,0,1,0,0,0,0,0,0,0,0,0,0,0,0.925,5.351851852,34.07407407,4,12.1325,0,0,1,0,0,0,0.015531,540.0119008,4
Beech Fork,2,12,6,500-550,1,0,0,0,1,0,0,0,0,0,0,0,0,0,0,1,0.6,0.666666667,23.33333333,1,0.86,0,0,1,0,0,0,0.015531,540.0119008,4
Benny Creek,3,13,1,0-50,0,0,0,0,0,0,0,0,0,0,0,0,0,0,0,0,3.883333333,12.86111111,25.88888889,0,0,3.00E-04,2.00E-04,0.9995,0,0,0,0.003,569,2
Benny Creek,3,14,2,100-150,0,0,0,0,0,0,0,0,0,0,0,0,0,0,0,0,3.133333333,9.907407407,32.77777778,0,0,3.00E-04,2.00E-04,0.9995,0,0,0,0.003,569,2
Benny Creek,3,15,3,200-250,1,0,0,0,1,1,0,0,0,0,0,0,0,0,0,0,3.066666667,11.53703704,39.44444444,0,0,3.00E-04,2.00E-04,0.9995,0,0,0,0.003,569,2
Benny Creek,3,16,4,300-350,1,0,0,0,1,1,0,0,0,0,0,0,0,0,0,0,2.616666667,12.98148148,49.24074074,3,4.01125,3.00E-04,2.00E-04,0.9995,0,0,0,0.003,569,2
Benny Creek,3,17,5,400-450,1,0,0,0,1,0,0,0,0,0,0,0,0,1,0,0,2.833333333,10.37037037,41.77777778,1,2.8525,3.00E-04,2.00E-04,0.9995,0,0,0,0.003,569,2
Benny Creek,3,18,6,500-550,1,0,0,0,1,0,0,0,0,0,0,0,0,1,0,0,3.183333333,13.19444444,43.01851852,3,16.21625,3.00E-04,2.00E-04,0.9995,0,0,0,0.003,569,2
Big Branch,4,19,1,150-200,1,0,0,0,1,0,0,0,0,0,0,1,0,1,0,0,2.066666667,14.65740741,93.83333333,2,5.33,0,0.465612321,0.988037038,0,0,0,0.019488,727.6937859,1
Big Branch,4,20,2,250-300,1,0,0,0,1,1,0,0,0,0,0,1,0,1,0,0,2.133333333,17,34.22222222,0,0,0,0.465612321,0.988037038,0,0,0,0.019488,727.6937859,1
Big Branch,4,21,3,350-400,0,0,0,0,0,0,0,0,0,0,0,0,0,0,0,0,2,10.14814815,90.44444444,0,0,0,0.465612321,0.988037038,0,0,0,0.019488,727.6937859,1
Big Branch,4,22,4,450-500,1,0,0,0,0,1,1,0,0,0,0,1,0,0,0,0,1.183333333,23.7037037,34.5,1,1.07,0,0.465612321,0.988037038,0,0,0,0.019488,727.6937859,1
Big Branch,4,23,5,50-100,1,0,0,0,0,1,1,0,0,0,0,1,0,0,0,0,3.383333333,12.40740741,76.94444444,2,1.0525,0,0.465612321,0.988037038,0,0,0,0.019488,727.6937859,1
Big Branch,4,24,6,550-600,1,0,0,0,0,1,1,0,0,0,0,1,0,0,0,0,1.016666667,23.13888889,10.59259259,0,0,0,0.465612321,0.988037038,0,0,0,0.019488,727.6937859,1
Big Creek,5,25,1,0-50,1,0,0,0,0,1,1,0,0,0,0,1,0,0,0,0,1.666666667,6.833333333,28.72222222,2,2.925,0.299069756,0.251486686,0.991389424,0.385128511,0,0,0.005896,681.8031608,3
Big Creek,5,26,2,100-150,1,0,0,0,0,1,1,0,0,0,0,1,0,0,1,0,1.566666667,6.314814815,17.88888889,1,1.0125,0.299069756,0.251486686,0.991389424,0.385128511,0,0,0.005896,681.8031608,3
Big Creek,5,27,3,200-250,1,0,0,0,0,1,1,0,0,0,0,1,0,0,0,0,3.066666667,16.24074074,42.87037037,2,7.3125,0.299069756,0.251486686,0.991389424,0.385128511,0,0,0.005896,681.8031608,3
Big Creek,5,28,4,300-350,0,0,0,0,0,0,0,0,0,0,0,0,0,0,0,0,2.683333333,15.11111111,41.03703704,1,2.5925,0.299069756,0.251486686,0.991389424,0.385128511,0,0,0.005896,681.8031608,3
Big Creek,5,29,5,400-450,0,0,0,0,0,0,0,0,0,0,0,0,0,0,0,0,3.183333333,11.88888889,153.5925926,4,5.775,0.299069756,0.251486686,0.991389424,0.385128511,0,0,0.005896,681.8031608,3
Big Creek,5,30,6,500-550,0,0,0,0,0,1,0,0,0,0,0,0,0,0,0,0,2.983333333,19.09259259,60.2037037,1,1.5725,0.299069756,0.251486686,0.991389424,0.385128511,0,0,0.005896,681.8031608,3
Chaney Creek,6,31,1,0-50,1,0,0,0,0,1,0,0,0,0,0,0,0,1,0,1,3.733333333,7.851851852,38.51851852,1,0.545,0.211474253,0.463115651,0.975623043,0.308007029,0.416179145,0.289250761,0.020842,508.5008538,3
Chaney Creek,6,32,2,100-150,1,0,0,0,0,1,0,0,0,0,0,0,0,1,0,0,3.333333333,9.5,29.07407407,2,1.4725,0.211474253,0.463115651,0.975623043,0.308007029,0.416179145,0.289250761,0.020842,508.5008538,3
Chaney Creek,6,33,3,200-250,1,0,0,0,0,1,0,0,0,0,0,0,0,1,0,1,3.1,9.074074074,31.18518519,3,1.2175,0.211474253,0.463115651,0.975623043,0.308007029,0.416179145,0.289250761,0.020842,508.5008538,3
Chaney Creek,6,34,4,300-350,1,0,0,0,0,1,0,0,0,0,0,0,0,1,0,1,3.616666667,7.092592593,28.33333333,1,0.6825,0.211474253,0.463115651,0.975623043,0.308007029,0.416179145,0.289250761,0.020842,508.5008538,3
Chaney Creek,6,35,5,400-450,0,0,0,0,0,0,0,0,0,0,0,0,0,0,0,0,3.466666667,9.296296296,21.7037037,2,1.305,0.211474253,0.463115651,0.975623043,0.308007029,0.416179145,0.289250761,0.020842,508.5008538,3
Chaney Creek,6,36,6,500-550,1,0,0,0,0,0,0,0,0,0,0,0,0,1,0,0,3,10.27777778,26.87037037,1,2.275,0.211474253,0.463115651,0.975623043,0.308007029,0.416179145,0.289250761,0.020842,508.5008538,3
Claypool Branch,7,37,1,0-50,1,0,0,0,0,0,0,0,0,0,0,0,0,1,0,0,1.616666667,6.944444444,44.74074074,2,2.1275,0,0.728075773,0.920835858,0,0,0,0.020634,518.4741212,2
Claypool Branch,7,38,2,100-150,1,0,0,0,0,0,0,0,0,0,0,0,0,1,0,0,2.283333333,6.37037037,24.18518519,1,0.64,0,0.728075773,0.920835858,0,0,0,0.020634,518.4741212,2
Claypool Branch,7,39,3,200-250,1,0,0,0,0,0,0,0,0,0,0,0,0,1,0,0,2.35,6.703703704,39.5,1,0.8925,0,0.728075773,0.920835858,0,0,0,0.020634,518.4741212,2
Claypool Branch,7,40,4,300-350,1,0,0,0,0,0,0,0,0,0,0,0,0,1,0,0,1.933333333,8.092592593,103.2407407,2,4.125,0,0.728075773,0.920835858,0,0,0,0.020634,518.4741212,2
Claypool Branch,7,41,5,400-450,1,0,0,0,0,0,0,0,0,0,0,0,0,1,0,0,3.116666667,12.18518519,18.2962963,2,3.835,0,0.728075773,0.920835858,0,0,0,0.020634,518.4741212,2
Claypool Branch,7,42,6,500-550,0,0,0,0,0,0,0,0,0,0,0,0,0,0,0,0,3.183333333,8.685185185,26.53703704,1,4.4225,0,0.728075773,0.920835858,0,0,0,0.020634,518.4741212,2
Copper Creek,8,43,1,0-50,1,0,0,0,1,0,1,0,0,0,0,0,0,1,1,0,1.625,13.47222222,6.222222222,2,2.2625,0.435587717,0.696252817,0.923704044,0,0,0.177827941,0.011111,587.3308708,4
Copper Creek,8,44,2,100-150,1,0,0,0,0,0,1,0,0,0,0,0,0,1,0,0,3.983333333,12.66666667,55.77777778,1,8.9375,0.435587717,0.696252817,0.923704044,0,0,0.177827941,0.011111,587.3308708,4
Copper Creek,8,45,3,200-250,1,0,0,0,0,1,1,0,0,0,0,0,0,0,1,0,3.883333333,17.7962963,53.57407407,2,10.5375,0.435587717,0.696252817,0.923704044,0,0,0.177827941,0.011111,587.3308708,4
Copper Creek,8,46,4,300-350,1,0,0,0,0,1,1,0,0,0,0,0,0,1,1,0,3.25,13.5,46.87037037,1,5.445,0.435587717,0.696252817,0.923704044,0,0,0.177827941,0.011111,587.3308708,4
Copper Creek,8,47,5,400-450,1,1,0,0,1,1,1,1,0,0,1,0,0,1,1,1,4.133333333,19.61111111,32.74074074,1,11.6575,0.435587717,0.696252817,0.923704044,0,0,0.177827941,0.011111,587.3308708,4
Copper Creek,8,48,6,500-550,1,0,0,0,1,1,0,1,0,0,1,0,0,1,1,0,3.666666667,19.31481481,67.55555556,1,9.63,0.435587717,0.696252817,0.923704044,0,0,0.177827941,0.011111,587.3308708,4
Dix Creek,9,49,1,0-50,0,0,0,0,0,0,0,0,0,0,0,0,0,0,0,0,3.35,16.07407407,40.75925926,1,1.38,0,0,1,0,0,0,0.007496,523.1372678,3
Dix Creek,9,50,2,100-150,1,1,0,0,1,0,0,0,0,0,0,0,0,0,1,0,3,10.27777778,32.40740741,1,1.41,0,0,1,0,0,0,0.007496,523.1372678,3
Dix Creek,9,51,3,200-250,1,0,0,0,1,0,0,0,0,0,1,0,0,0,0,0,2.733333333,13.87037037,19.94444444,1,3.595,0,0,1,0,0,0,0.007496,523.1372678,3
Dix Creek,9,52,4,300-350,1,0,0,0,1,0,0,0,0,0,1,0,0,1,0,0,3.35,9.907407407,30.94444444,0,0,0,0,1,0,0,0,0.007496,523.1372678,3
Dix Creek,9,53,5,400-450,1,0,0,0,1,0,0,0,0,0,0,0,0,1,0,0,3.8,13.07407407,50,1,2.63,0,0,1,0,0,0,0.007496,523.1372678,3
Dix Creek,9,54,6,500-550,1,0,0,0,1,1,0,0,0,0,1,0,0,1,0,1,2.633333333,8.351851852,21.11111111,0,0,0,0,1,0,0,0,0.007496,523.1372678,3
DS Hart Creek,10,55,1,0-50,1,0,0,0,1,1,0,0,0,0,0,0,0,1,0,0,3.25,11.12037037,50.92592593,4,8.05,0,0.661086581,0.948390359,0,0,0,0.01595,565.2429801,3
DS Hart Creek,10,56,2,100-150,0,0,0,0,0,0,0,0,0,0,0,0,0,0,0,0,2.866666667,14.14814815,69.42592593,1,5.1775,0,0.661086581,0.948390359,0,0,0,0.01595,565.2429801,3
DS Hart Creek,10,57,3,200-250,1,0,0,0,1,1,0,0,0,0,0,0,0,1,0,0,3.366666667,9.351851852,57.42592593,0,0,0,0.661086581,0.948390359,0,0,0,0.01595,565.2429801,3
DS Hart Creek,10,58,4,300-350,1,0,0,0,1,0,0,0,0,0,0,0,0,1,0,0,2.4,12.67592593,51.57407407,2,3.56875,0,0.661086581,0.948390359,0,0,0,0.01595,565.2429801,3
DS Hart Creek,10,59,5,400-450,1,0,0,0,1,0,0,0,0,0,0,0,0,0,0,0,2.963636364,11.94949495,38.06060606,1,6.615,0,0.661086581,0.948390359,0,0,0,0.01595,565.2429801,3
DS Hart Creek,10,60,6,500-550,1,0,0,0,1,0,0,0,0,0,0,0,0,0,0,0,3.866666667,16.42592593,31.51851852,1,8.2325,0,0.661086581,0.948390359,0,0,0,0.01595,565.2429801,3
DS Hurricane Fork,11,61,1,0-50,1,0,0,0,1,0,0,0,0,0,0,0,0,0,0,0,3.7,13.09259259,39.64814815,2,3.825,0,0.234034732,0.993945231,0.371268754,0.177827941,0.177827941,0.014885,506.8632201,4
DS Hurricane Fork,11,62,2,100-150,1,0,0,0,0,0,0,0,0,0,0,0,0,0,0,0,4.15,11.72222222,38.33333333,3,6.395,0,0.234034732,0.993945231,0.371268754,0.177827941,0.177827941,0.014885,506.8632201,4
DS Hurricane Fork,11,63,3,200-250,0,0,0,0,0,0,0,0,0,0,0,0,0,0,0,0,3.45,11.22222222,38.75925926,3,3.4675,0,0.234034732,0.993945231,0.371268754,0.177827941,0.177827941,0.014885,506.8632201,4
DS Hurricane Fork,11,64,4,300-350,1,0,0,0,0,1,0,0,0,0,0,0,0,0,0,0,3.633333333,10.14814815,38.33333333,0,0,0,0.234034732,0.993945231,0.371268754,0.177827941,0.177827941,0.014885,506.8632201,4
DS Hurricane Fork,11,65,5,400-450,1,0,0,0,0,1,1,0,0,0,0,0,0,1,0,0,3.45,11.77777778,31.53703704,1,2.735,0,0.234034732,0.993945231,0.371268754,0.177827941,0.177827941,0.014885,506.8632201,4
DS Hurricane Fork,11,66,6,500-550,1,0,0,0,0,1,1,0,0,0,0,0,0,1,0,0,3.2,11.87037037,51.33333333,1,1.795,0,0.234034732,0.993945231,0.371268754,0.177827941,0.177827941,0.014885,506.8632201,4
Dumps Creek,12,67,1,0-50,1,0,0,0,0,1,0,0,0,0,0,0,0,1,0,0,3.45,17.2962963,44.62962963,2,7.0075,0.251486686,0.177827941,0.991389424,0.409062349,0,0,0.004075,567.0234368,3
Dumps Creek,12,68,2,100-150,1,0,0,1,0,1,1,0,0,0,0,0,0,1,0,0,4,18.38888889,36.51851852,3,7.37,0.251486686,0.177827941,0.991389424,0.409062349,0,0,0.004075,567.0234368,3
Dumps Creek,12,69,3,200-250,1,0,0,0,0,1,1,0,0,0,0,0,0,1,0,0,4.433333333,17.01851852,55.42592593,0,0,0.251486686,0.177827941,0.991389424,0.409062349,0,0,0.004075,567.0234368,3
Dumps Creek,12,70,4,300-350,0,0,0,0,0,0,0,0,0,0,0,0,0,0,0,0,4.716666667,16.96296296,45.87037037,3,17.415,0.251486686,0.177827941,0.991389424,0.409062349,0,0,0.004075,567.0234368,3
Dumps Creek,12,71,5,400-450,1,0,0,0,0,1,1,0,0,0,0,0,0,1,0,0,3.116666667,15.07407407,77.14814815,2,9.515,0.251486686,0.177827941,0.991389424,0.409062349,0,0,0.004075,567.0234368,3
Dumps Creek,12,72,6,500-550,1,0,0,0,0,1,1,0,0,0,0,0,0,1,0,1,3.55,17.03703704,30.18518519,6,22.07125,0.251486686,0.177827941,0.991389424,0.409062349,0,0,0.004075,567.0234368,3
Far Upstream Hess Creek,13,73,1,0-50,1,0,0,0,0,1,1,1,0,0,0,0,0,1,0,0,1.35,6.75,15.27777778,2,3.47,0,2.00E-05,0.99994806,8.94E-06,0,2.30E-05,0.019,675.847,2
Far Upstream Hess Creek,13,74,2,100-150,1,0,0,0,0,1,1,0,0,0,0,0,0,1,0,0,1.283333333,6.907407407,41.68518519,0,0,0,2.00E-05,0.99994806,8.94E-06,0,2.30E-05,0.019,675.847,2
Far Upstream Hess Creek,13,75,3,200-250,1,0,0,0,0,1,1,0,0,0,0,0,0,1,0,0,0.783333333,5.787037037,11.66666667,0,0,0,2.00E-05,0.99994806,8.94E-06,0,2.30E-05,0.019,675.847,2
Far Upstream Hess Creek,13,76,4,300-350,1,0,0,0,0,1,1,0,0,0,0,0,0,1,0,0,0.84,7.877777778,17.57777778,0,0,0,2.00E-05,0.99994806,8.94E-06,0,2.30E-05,0.019,675.847,2
Goose Creek,14,77,1,0-50,0,0,0,0,0,0,0,0,0,0,0,0,0,0,0,0,1.166666667,5.87037037,37.07407407,0,0,0.001,0.017,0.964000002,0.014,0.004,0,0.019515,618.1433709,2
Goose Creek,14,78,2,100-150,1,0,0,0,0,0,0,0,0,0,0,0,0,1,0,0,1.3,6.962962963,30.37037037,0,0,0.001,0.017,0.964000002,0.014,0.004,0,0.019515,618.1433709,2
Goose Creek,14,79,3,200-250,1,0,0,0,0,0,0,0,0,0,0,0,0,1,0,0,1.25,9.351851852,32.59259259,1,1.2475,0.001,0.017,0.964000002,0.014,0.004,0,0.019515,618.1433709,2
Goose Creek,14,80,4,300-350,1,0,0,0,0,0,0,0,0,0,0,0,0,1,0,0,2.65,7.351851852,24.2037037,0,0,0.001,0.017,0.964000002,0.014,0.004,0,0.019515,618.1433709,2
Goose Creek,14,81,5,400-450,1,0,0,0,0,0,0,0,0,0,1,0,0,1,0,1,2.5,9.444444444,20.7037037,1,1.6375,0.001,0.017,0.964000002,0.014,0.004,0,0.019515,618.1433709,2
Goose Creek,14,82,6,500-550,1,0,0,0,0,0,0,0,0,0,1,0,0,1,0,0,2.45,9.388888889,13.11111111,1,6.9775,0.001,0.017,0.964000002,0.014,0.004,0,0.019515,618.1433709,2
Greasy Creek,15,83,1,150-200,1,0,0,0,0,0,0,0,0,0,0,0,0,1,0,0,2.658333333,23.18372549,40.68627451,5,17.90065,0,0.004,0.992999998,0.002,0,0,0.005268,706.5249631,2
Greasy Creek,15,84,2,250-300,0,0,0,0,0,0,0,0,0,0,0,0,0,0,0,0,2.481818182,22.51363636,27.64646465,7,38.0492,0,0.004,0.992999998,0.002,0,0,0.005268,706.5249631,2
Greasy Creek,15,85,3,350-400,1,0,0,1,0,1,1,0,0,0,0,0,0,1,0,1,3.666666667,25.94092593,15.74074074,1,12.823825,0,0.004,0.992999998,0.002,0,0,0.005268,706.5249631,2
Greasy Creek,15,86,4,450-500,1,0,0,1,0,1,1,0,0,0,0,0,0,1,0,0,4.466666667,47.55444444,8.537037037,3,28.635325,0,0.004,0.992999998,0.002,0,0,0.005268,706.5249631,2
Greasy Creek,15,87,5,50-100,1,0,0,1,0,1,0,0,0,0,0,0,0,1,0,0,2.535,14.85152941,43.84313725,2,8.40105,0,0.004,0.992999998,0.002,0,0,0.005268,706.5249631,2
Greasy Creek,15,88,6,550-600,1,0,0,0,0,0,0,0,0,0,0,0,0,0,0,0,3.685714286,28.22222222,19.57142857,3,16.443325,0,0.004,0.992999998,0.002,0,0,0.005268,706.5249631,2
Hess Creek,16,89,1,0-50,0,0,0,0,0,0,0,0,0,0,0,0,0,0,0,0,1.172727273,11.87878788,8.272727273,1,1.0375,0,0.014,0.920999999,0.06,0.005,0,0.013267,677.8955072,2
Hess Creek,16,90,2,100-150,1,0,0,0,0,0,0,0,0,0,0,0,0,0,0,0,1.1,11.58585859,27.44444444,1,1.0825,0,0.014,0.920999999,0.06,0.005,0,0.013267,677.8955072,2
Hess Creek,16,91,3,200-250,1,0,0,0,0,0,0,0,0,0,0,0,0,0,0,0,1.618181818,6.777777778,20.83838384,0,0,0,0.014,0.920999999,0.06,0.005,0,0.013267,677.8955072,2
Hess Creek,16,92,4,300-350,1,0,0,0,0,1,0,0,0,0,0,0,0,0,0,0,1.75,9.296296296,11.03703704,2,1.98,0,0.014,0.920999999,0.06,0.005,0,0.013267,677.8955072,2
Hess Creek,16,93,5,400-450,1,0,0,0,0,1,0,0,0,0,0,0,0,0,0,0,2.081818182,6.757575758,9.747474747,2,1.9125,0,0.014,0.920999999,0.06,0.005,0,0.013267,677.8955072,2
Hess Creek,16,94,6,500-550,1,0,0,0,0,1,0,0,0,0,0,0,0,0,0,0,1.4,8.259259259,6.666666667,0,0,0,0.014,0.920999999,0.06,0.005,0,0.013267,677.8955072,2
Hogwallow Branch,17,95,1,0-50,1,1,0,0,1,1,0,0,0,0,0,0,0,0,0,0,4.233333333,12.18518519,81.27777778,2,4.755,0,0.373,0.627000001,0,0,0,0.020352,691.1258539,3
Hogwallow Branch,17,96,2,100-150,0,0,0,0,0,0,0,0,0,0,0,0,0,0,0,0,1.566666667,4.268518519,21.64814815,1,0.9525,0,0.373,0.627000001,0,0,0,0.020352,691.1258539,3
Hogwallow Branch,17,97,3,200-250,1,0,0,0,0,1,1,0,0,0,0,1,0,1,0,1,1.1,13.2962963,37.27777778,1,1.255,0,0.373,0.627000001,0,0,0,0.020352,691.1258539,3
Hogwallow Branch,17,98,4,300-350,1,0,0,1,0,1,1,0,0,0,0,1,0,1,0,1,1.333333333,12.17592593,66.88888889,0,0,0,0.373,0.627000001,0,0,0,0.020352,691.1258539,3
Hogwallow Branch,17,99,5,400-450,1,0,0,0,0,1,1,0,0,0,0,0,0,0,0,1,2.8,16.7962963,32.94444444,1,0.66,0,0.373,0.627000001,0,0,0,0.020352,691.1258539,3
Hogwallow Branch,17,100,6,500-550,1,0,0,0,0,1,0,0,0,0,0,1,0,1,0,1,3.95,15.87037037,21.24074074,1,0.685,0,0.373,0.627000001,0,0,0,0.020352,691.1258539,3
Hurricane Fork,18,101,1,0-50,1,0,0,0,0,1,1,0,0,0,0,1,0,0,0,1,3.283333333,17.2962963,19.40740741,1,8.15,0,0.003,0.988000001,0.008,0,0,0.00357,577.8580931,4
Hurricane Fork,18,102,2,100-150,1,0,0,1,0,1,0,0,0,0,0,0,0,1,0,1,2.409090909,14.42424242,4.878787879,1,2.4,0,0.003,0.988000001,0.008,0,0,0.00357,577.8580931,4
Hurricane Fork,18,103,3,200-250,0,0,0,0,0,0,0,0,0,0,0,0,0,0,0,0,2.118181818,22.57575758,7.272727273,1,5.3825,0,0.003,0.988000001,0.008,0,0,0.00357,577.8580931,4
Hurricane Fork,18,104,4,300-350,1,0,0,1,0,1,1,0,0,0,0,0,0,1,0,1,1.590909091,11.36363636,10.63636364,0,0,0,0.003,0.988000001,0.008,0,0,0.00357,577.8580931,4
Hurricane Fork,18,105,5,400-450,1,0,0,0,0,1,1,0,0,0,0,0,0,1,0,0,2.281818182,11.53535354,19.01010101,0,0,0,0.003,0.988000001,0.008,0,0,0.00357,577.8580931,4
Hurricane Fork,18,106,6,500-550,1,0,0,0,0,1,0,0,0,0,0,0,0,1,0,0,2.733333333,8.296296296,102.9074074,0,0,0,0.003,0.988000001,0.008,0,0,0.00357,577.8580931,4
Indian Creek,19,107,1,0-50,1,0,0,0,0,1,0,0,0,0,0,0,0,1,0,0,2.95,13.94444444,39.12962963,1,1.4675,0,0.0013,0.9987,0,0,0,0.005,567.61,2
Indian Creek,19,108,2,100-150,1,0,0,1,0,1,1,0,0,0,0,0,0,1,0,1,3.35,14.11111111,27.75925926,2,4.145,0,0.0013,0.9987,0,0,0,0.005,567.61,2
Indian Creek,19,109,3,200-250,1,0,0,0,0,1,0,0,0,0,0,0,0,1,0,1,2.983333333,15.42592593,46.59259259,1,4.285,0,0.0013,0.9987,0,0,0,0.005,567.61,2
Indian Creek,19,110,4,300-350,0,0,0,0,0,0,0,0,0,0,0,0,0,0,0,0,2.266666667,13.80555556,52.62962963,2,1.99,0,0.0013,0.9987,0,0,0,0.005,567.61,2
Indian Creek,19,111,5,400-450,0,0,0,0,1,0,0,0,0,0,0,0,0,0,0,0,2.383333333,15.31481481,47.83333333,1,2.1375,0,0.0013,0.9987,0,0,0,0.005,567.61,2
Indian Creek,19,112,6,500-550,0,0,0,0,0,0,0,0,0,0,0,0,0,0,0,0,2.166666667,15.14814815,75.31481481,1,1.4375,0,0.0013,0.9987,0,0,0,0.005,567.61,2
Jackson Fork,20,113,1,0-50,1,0,0,0,1,0,0,0,0,0,0,0,0,0,0,0,3.333333333,13.97222222,77.7962963,0,0,0,0.008,0.966,0.025,0.002,0,0.021501,692.6330561,3
Jackson Fork,20,114,2,100-150,1,0,0,0,1,0,0,0,0,0,0,0,0,0,0,0,2.981818182,18.37373737,75.5959596,2,5.2875,0,0.008,0.966,0.025,0.002,0,0.021501,692.6330561,3
Jackson Fork,20,115,3,200-250,1,0,0,0,1,0,0,0,0,0,0,0,0,0,0,0,5.15,8.490740741,72.92592593,0,0,0,0.008,0.966,0.025,0.002,0,0.021501,692.6330561,3
Jackson Fork,20,116,4,300-350,1,0,0,0,1,0,0,0,0,0,0,0,0,0,0,0,3.9,12.64814815,68.75925926,1,3.465,0,0.008,0.966,0.025,0.002,0,0.021501,692.6330561,3
Jackson Fork,20,117,5,400-450,0,0,0,0,0,0,0,0,0,0,0,0,0,0,0,0,4.283333333,10.99074074,113.6666667,2,4.0825,0,0.008,0.966,0.025,0.002,0,0.021501,692.6330561,3
Jackson Fork,20,118,6,500-550,1,0,1,0,0,1,0,0,0,0,0,0,0,0,0,1,3.933333333,13.2037037,85.85185185,2,4.645,0,0.008,0.966,0.025,0.002,0,0.021501,692.6330561,3
Jacobs Fork,21,119,1,0-50,1,0,1,1,0,1,1,0,0,1,0,0,0,1,0,1,3.25,12.11111111,52.22222222,1,1.0075,0.002,0.047,0.916999998,0.034,0,0,0.002302,543.8101801,3
Jacobs Fork,21,120,2,100-150,1,0,1,1,0,1,1,0,0,0,0,0,0,1,0,1,3.933333333,14.11111111,25.40740741,0,0,0.002,0.047,0.916999998,0.034,0,0,0.002302,543.8101801,3
Jacobs Fork,21,121,3,200-250,1,0,0,1,0,1,1,0,0,0,0,0,0,1,0,1,3.966666667,13.48148148,27.77777778,0,0,0.002,0.047,0.916999998,0.034,0,0,0.002302,543.8101801,3
Jacobs Fork,21,122,4,300-350,1,0,0,0,0,1,1,0,0,0,0,0,0,1,1,0,3.7,14.16666667,43.51851852,0,0,0.002,0.047,0.916999998,0.034,0,0,0.002302,543.8101801,3
Jacobs Fork,21,123,5,400-450,1,0,1,0,0,1,0,0,0,0,0,0,0,1,0,1,3.683333333,22.31481481,46.2962963,0,0,0.002,0.047,0.916999998,0.034,0,0,0.002302,543.8101801,3
Jacobs Fork,21,124,6,500-550,0,0,0,0,0,0,0,0,0,0,0,0,0,0,0,0,3.45,32.09259259,41.75925926,0,0,0.002,0.047,0.916999998,0.034,0,0,0.002302,543.8101801,3
Katie Branch,22,125,1,0-50,1,0,0,0,0,1,0,0,0,1,0,0,0,1,0,0,1.416666667,10.44444444,73.5,1,0.97,0.117,0.446999999,0.428999999,0.006,0.002,0,0.006915,630.6301262,3
Katie Branch,22,126,2,100-150,1,0,0,0,0,1,0,0,0,0,0,0,0,1,0,0,0.966666667,18.87037037,23.27777778,1,12.0825,0.117,0.446999999,0.428999999,0.006,0.002,0,0.006915,630.6301262,3
Katie Branch,22,127,3,200-250,1,0,0,0,0,1,0,0,0,0,0,0,0,1,0,0,1.283333333,13.7962963,20.92592593,0,0,0.117,0.446999999,0.428999999,0.006,0.002,0,0.006915,630.6301262,3
Katie Branch,22,128,4,300-350,1,0,0,0,0,1,0,0,0,0,0,0,0,1,0,0,1.166666667,8.851851852,15.18518519,0,0,0.117,0.446999999,0.428999999,0.006,0.002,0,0.006915,630.6301262,3
Katie Branch,22,129,5,400-450,1,0,0,0,0,1,0,0,0,0,0,0,0,1,0,0,1.2,8.055555556,92.59259259,0,0,0.117,0.446999999,0.428999999,0.006,0.002,0,0.006915,630.6301262,3
Katie Branch,22,130,6,500-550,1,0,0,0,0,1,0,0,0,0,0,0,0,1,0,0,1.6,9.6,22,2,3.8625,0.117,0.446999999,0.428999999,0.006,0.002,0,0.006915,630.6301262,3
Laurel Branch,23,131,1,0-50,0,0,0,0,0,0,0,0,0,0,0,0,0,0,0,0,2.666666667,9.925925926,46.2037037,3,8.225,0,0.114,0.859999999,0.026,0,0,0.012597,591.288208,3
Laurel Branch,23,132,2,100-150,1,0,0,0,0,1,0,0,0,0,0,0,0,0,0,0,3.2,8.185185185,27.96296296,0,0,0,0.114,0.859999999,0.026,0,0,0.012597,591.288208,3
Laurel Branch,23,133,3,200-250,1,0,0,1,0,1,1,0,0,0,1,1,0,1,0,1,3.933333333,12.59259259,42.46296296,2,8.66,0,0.114,0.859999999,0.026,0,0,0.012597,591.288208,3
Laurel Branch,23,134,4,300-350,1,0,0,0,0,1,1,0,0,0,0,0,0,0,0,0,2.9,8.222222222,26.14814815,1,2.17,0,0.114,0.859999999,0.026,0,0,0.012597,591.288208,3
Laurel Branch,23,135,5,400-450,1,0,0,0,0,1,0,0,0,0,0,1,0,0,0,1,3,9.222222222,15.61111111,2,7.53,0,0.114,0.859999999,0.026,0,0,0.012597,591.288208,3
Laurel Branch,23,136,6,50-100,1,0,0,0,0,1,0,0,0,0,0,0,0,0,0,0,2.766666667,9.407407407,17.38888889,0,0,0,0.114,0.859999999,0.026,0,0,0.012597,591.288208,3
Laurel Branch,23,137,7,500-550,1,0,0,0,0,1,1,0,0,0,0,1,0,0,0,1,3.1,16.62962963,2.666666667,1,0.535,0,0.114,0.859999999,0.026,0,0,0.012597,591.288208,3
Laurel Fork,24,138,1,0-50,0,0,0,0,0,0,0,0,0,0,0,0,0,0,0,0,3.116666667,25.12962963,12.35185185,1,3.545,0.006,0.102,0.883,0,0.002,0.007,0.003896,741.2175288,3
Laurel Fork,24,139,2,100-150,1,0,0,0,1,0,0,0,0,0,0,0,0,0,0,0,1.666666667,9.925925926,8.981481481,1,6.63,0.006,0.102,0.883,0,0.002,0.007,0.003896,741.2175288,3
Laurel Fork,24,140,3,200-250,1,0,0,0,1,0,0,0,0,0,0,0,0,0,0,0,2.616666667,16.07407407,10.03703704,2,5.6725,0.006,0.102,0.883,0,0.002,0.007,0.003896,741.2175288,3
Laurel Fork,24,141,4,300-350,1,0,0,0,1,0,0,0,0,0,0,0,0,0,0,0,3.216666667,29.87037037,2.740740741,1,5.0775,0.006,0.102,0.883,0,0.002,0.007,0.003896,741.2175288,3
Laurel Fork,24,142,5,400-450,1,0,0,0,1,0,0,0,0,0,0,0,0,1,0,0,2.7,10.77777778,6.388888889,0,0,0.006,0.102,0.883,0,0.002,0.007,0.003896,741.2175288,3
Laurel Fork,24,143,6,500-550,1,0,0,0,1,0,0,0,0,0,0,0,0,0,0,0,0.35,3.388888889,5.5,1,3.15,0.006,0.102,0.883,0,0.002,0.007,0.003896,741.2175288,3
Left Fork Coal Creek,25,144,1,150-200,1,0,0,0,1,0,0,0,0,0,0,0,0,1,0,0,1.627272727,10.5320202,47.26262626,0,0,0,0.184,0.816,0,0,0,0.008331,706.4177851,2
Left Fork Coal Creek,25,145,2,50-100,0,0,0,0,0,0,0,0,0,0,0,0,0,0,0,0,3.4,12.79407407,55.46296296,1,4.7879,0,0.184,0.816,0,0,0,0.008331,706.4177851,2
Left Fork Lick Creek,26,146,3,150-200,1,0,0,0,0,0,0,0,0,0,0,0,0,1,0,0,4.266666667,15.66666667,25.75925926,1,7.1025,0.027,0.014,0.959000002,0,0,0,0.015287,541.1522821,2
Left Fork Lick Creek,26,147,4,250-300,1,1,0,0,1,1,0,0,0,0,0,0,0,1,1,1,2.966666667,13.53703704,15.88888889,0,0,0.027,0.014,0.959000002,0,0,0,0.015287,541.1522821,2
Left Fork Lick Creek,26,148,5,350-400,1,1,0,0,0,1,1,0,0,0,0,0,0,1,0,0,3.066666667,9.37037037,20.5,0,0,0.027,0.014,0.959000002,0,0,0,0.015287,541.1522821,2
Left Fork Lick Creek,26,149,6,450-500,1,1,0,0,0,1,1,0,0,0,0,0,0,1,0,1,3.416666667,13.05555556,50.59259259,0,0,0.027,0.014,0.959000002,0,0,0,0.015287,541.1522821,2
Left Fork Lick Creek,26,150,7,50-100,1,1,0,0,0,0,1,0,0,0,0,0,0,0,0,0,2.9,12.46296296,27.61111111,0,0,0.027,0.014,0.959000002,0,0,0,0.015287,541.1522821,2
Left Fork Lick Creek,26,151,8,550-600,1,1,0,0,0,1,0,0,0,0,0,0,0,1,1,1,3.45,12.03703704,61.57407407,0,0,0.027,0.014,0.959000002,0,0,0,0.015287,541.1522821,2
Levisa Fork,27,152,1,0-50,0,0,0,0,0,0,0,0,0,0,0,0,0,0,0,0,2.783333333,5.972222222,37.03703704,2,1.25975,0.0195,5.00E-04,0.98,0,0,0,0.129,517.824,3
Levisa Fork,27,153,2,100-150,1,0,0,0,1,1,1,0,0,0,0,0,1,1,0,1,2.866666667,4.444444444,36.03703704,0,0,0.0195,5.00E-04,0.98,0,0,0,0.129,517.824,3
Levisa Fork,27,154,3,200-250,1,0,0,0,1,0,1,0,0,0,0,0,1,1,0,0,3.733333333,3.772222222,27.98148148,0,0,0.0195,5.00E-04,0.98,0,0,0,0.129,517.824,3
Levisa Fork,27,155,4,300-350,1,0,0,0,1,1,0,0,0,0,0,0,1,1,1,1,3.55,6.37037037,37.62962963,1,2.8025,0.0195,5.00E-04,0.98,0,0,0,0.129,517.824,3
Levisa Fork,27,156,5,400-450,1,0,0,0,1,0,1,0,0,0,0,0,1,1,0,0,3.383333333,3.759259259,29.85185185,0,0,0.0195,5.00E-04,0.98,0,0,0,0.129,517.824,3
Levisa Fork,27,157,6,500-550,1,0,0,0,1,1,0,0,0,0,0,0,1,1,1,0,2.766666667,5.481481481,23.74074074,0,0,0.0195,5.00E-04,0.98,0,0,0,0.129,517.824,3
Lewis Creek,28,158,1,0-50,1,0,0,0,0,0,0,0,0,0,0,0,0,0,0,0,3.483333333,12.31481481,73.92592593,1,2.05,0,0.005,0.921999998,0.073,0,0,0.030837,655.1874379,3
Lewis Creek,28,159,2,100-150,1,0,0,0,1,1,1,0,0,0,0,0,0,0,0,0,4.45,15.81481481,47.40740741,2,8.49,0,0.005,0.921999998,0.073,0,0,0.030837,655.1874379,3
Lewis Creek,28,160,3,200-250,0,0,0,0,0,0,0,0,0,0,0,0,0,0,0,0,3.966666667,10,53.14814815,0,0,0,0.005,0.921999998,0.073,0,0,0.030837,655.1874379,3
Lewis Creek,28,161,4,300-350,1,1,1,0,0,1,0,0,1,1,1,1,0,0,1,0,2.033333333,9.759259259,62.33333333,2,2.26,0,0.005,0.921999998,0.073,0,0,0.030837,655.1874379,3
Lewis Creek,28,162,5,400-450,0,0,0,0,0,0,0,0,1,1,1,0,0,0,1,0,2.383333333,6.87037037,41.66666667,0,0,0,0.005,0.921999998,0.073,0,0,0.030837,655.1874379,3
Lewis Creek,28,163,6,500-550,1,0,1,0,0,1,0,0,1,1,0,1,0,1,1,0,1.633333333,7.37037037,42.27777778,1,0.95,0,0.005,0.921999998,0.073,0,0,0.030837,655.1874379,3
Little Town Hill Creek,29,164,1,0-50,1,1,1,0,0,1,0,0,1,0,1,1,0,1,1,0,1.133333333,7.888888889,6.545454545,4,2.8925,0.093,0.021,0.886,0,0,0,0.01934,586.1243892,3
Little Town Hill Creek,29,165,2,100-150,0,1,1,0,0,1,0,0,1,0,0,1,0,0,0,1,1.354545455,6.505050505,6.181818182,0,0,0.093,0.021,0.886,0,0,0,0.01934,586.1243892,3
Little Town Hill Creek,29,166,3,200-250,1,0,0,0,0,0,0,0,0,0,1,1,0,0,0,0,1.581818182,7.575757576,9.161616162,1,0.94,0.093,0.021,0.886,0,0,0,0.01934,586.1243892,3
Little Town Hill Creek,29,167,4,300-350,0,0,0,0,0,0,0,0,0,0,0,0,0,0,0,0,1.872727273,3.929292929,9.98989899,0,0,0.093,0.021,0.886,0,0,0,0.01934,586.1243892,3
Little Town Hill Creek,29,168,5,400-450,1,0,0,1,0,1,0,0,0,0,0,0,0,1,0,0,1.336363636,8.101010101,57.06060606,3,1.985,0.093,0.021,0.886,0,0,0,0.01934,586.1243892,3
Little Town Hill Creek,29,169,6,500-550,1,0,0,1,0,1,0,0,0,0,0,0,0,1,0,0,1.718181818,8.626262626,16.25252525,1,0.785,0.093,0.021,0.886,0,0,0,0.01934,586.1243892,3
Loop Creek,30,170,1,0-50,0,0,0,0,0,0,0,0,0,0,0,0,0,0,0,0,3.45,38.18518519,1.5,2,27.5375,0,0.082,0.917999999,0,0,0,0.001432,663.4490961,4
Loop Creek,30,171,2,100-150,1,0,0,0,0,1,1,0,0,0,0,0,1,1,0,0,3.883333333,24.68518519,5.666666667,1,14.8325,0,0.082,0.917999999,0,0,0,0.001432,663.4490961,4
Loop Creek,30,172,3,200-250,1,0,0,0,0,1,1,1,0,0,0,0,1,1,0,0,3.183333333,10.31481481,55,1,3.1325,0,0.082,0.917999999,0,0,0,0.001432,663.4490961,4
Loop Creek,30,173,4,300-350,1,0,0,0,0,0,1,0,0,0,0,0,0,1,0,0,3.5,12.27777778,39.92592593,1,1.86,0,0.082,0.917999999,0,0,0,0.001432,663.4490961,4
Loop Creek,30,174,5,400-450,1,0,0,0,0,1,1,1,0,0,1,0,0,1,0,1,4.6,6,31.22222222,1,2.865,0,0.082,0.917999999,0,0,0,0.001432,663.4490961,4
Loop Creek,30,175,6,500-550,0,0,0,0,0,0,1,0,0,0,0,0,0,1,0,0,3.716666667,10.83333333,36.68518519,1,1.8675,0,0.082,0.917999999,0,0,0,0.001432,663.4490961,4
Lowe Branch,31,176,1,0-50,1,0,0,0,0,1,1,1,0,0,0,0,1,1,0,0,2.483333333,9.611111111,39.75925926,1,0.625,0,0.75,0.25,0,0,0,0.02306,636.9931028,3
Lowe Branch,31,177,2,100-150,0,0,0,0,0,0,0,0,0,0,0,0,0,0,0,0,3.883333333,8.351851852,80.14814815,2,2.1,0,0.75,0.25,0,0,0,0.02306,636.9931028,3
Lowe Branch,31,178,3,200-250,1,0,0,0,0,1,1,1,0,0,0,0,0,1,0,0,3.8,10.13888889,28,0,0,0,0.75,0.25,0,0,0,0.02306,636.9931028,3
Lowe Branch,31,179,4,300-350,1,0,0,0,0,1,0,1,1,0,0,0,0,1,0,0,1.866666667,12.18518519,80.22222222,3,5.1575,0,0.75,0.25,0,0,0,0.02306,636.9931028,3
Lowe Branch,31,180,5,400-450,1,0,0,0,0,1,0,1,0,0,0,0,0,1,0,0,1.55,10.03703704,57.01851852,1,0.8275,0,0.75,0.25,0,0,0,0.02306,636.9931028,3
Lower Big Lick Creek,32,181,1,0-50,1,0,0,0,0,1,0,1,1,0,0,0,0,1,0,0,1.509090909,6.333333333,14.26262626,1,1.05,0.003,0.073,0.923000001,0.001,0,0,0.014543,644.3451531,2
Lower Big Lick Creek,32,182,2,100-150,1,0,0,0,0,1,1,1,0,0,0,0,0,1,0,0,1.645454545,6.070707071,23.42424242,1,0.7775,0.003,0.073,0.923000001,0.001,0,0,0.014543,644.3451531,2
Lower Big Lick Creek,32,183,3,200-250,1,0,0,0,0,1,0,1,1,0,0,0,0,1,0,0,1.133333333,5.37037037,19.09259259,0,0,0.003,0.073,0.923000001,0.001,0,0,0.014543,644.3451531,2
Lower Big Lick Creek,32,184,4,300-350,0,0,0,0,0,0,0,0,0,0,0,0,0,0,0,0,1.316666667,5.037037037,15.59259259,0,0,0.003,0.073,0.923000001,0.001,0,0,0.014543,644.3451531,2
Lower Big Lick Creek,32,185,5,500-550,1,0,0,0,0,1,0,0,0,0,0,0,0,1,0,0,1.483333333,7.222222222,22.44444444,0,0,0.003,0.073,0.923000001,0.001,0,0,0.014543,644.3451531,2
Middle Big Lick,33,186,1,0-50,1,0,0,0,1,1,1,0,0,0,0,0,0,0,1,0,1.483333333,3.907407407,21.94444444,0,0,0,0.0011,0.9989,0,0,0,0.11,665.387,2
Middle Big Lick,33,187,2,100-150,1,0,0,0,1,0,1,0,0,0,0,0,0,1,0,0,1.75,19.62037037,23.37037037,0,0,0,0.0011,0.9989,0,0,0,0.11,665.387,2
Middle Big Lick,33,188,3,200-250,1,0,0,0,0,0,0,0,0,0,0,0,0,0,0,0,2.35,9.666666667,25.48148148,0,0,0,0.0011,0.9989,0,0,0,0.11,665.387,2
Middle Big Lick,33,189,4,300-350,1,0,0,0,0,0,1,0,0,0,0,0,0,0,0,0,2.7,9.981481481,33.66666667,0,0,0,0.0011,0.9989,0,0,0,0.11,665.387,2
Middle Big Lick,33,190,5,400-450,1,0,0,0,0,0,0,0,0,0,0,0,0,1,0,0,1.683333333,10.82407407,27.33333333,0,0,0,0.0011,0.9989,0,0,0,0.11,665.387,2
Middle Big Lick,33,191,6,500-550,0,0,0,0,0,0,0,0,0,0,0,0,0,0,0,0,2.216666667,9.259259259,93.92592593,0,0,0,0.0011,0.9989,0,0,0,0.11,665.387,2
Middle Creek,34,192,1,0-50,1,0,0,0,0,0,1,0,0,0,0,0,0,0,0,0,2.083333333,9.814814815,39.14814815,1,9.695,0.015,0.032,0.945999998,0.007,0,0,0.005639,611.4397581,3
Middle Creek,34,193,2,100-150,1,0,0,0,0,1,0,0,0,0,0,0,0,0,0,1,3.916666667,17,89.33333333,1,2.2925,0.015,0.032,0.945999998,0.007,0,0,0.005639,611.4397581,3
Middle Creek,34,194,3,200-250,1,0,0,1,0,0,0,0,0,0,0,0,0,0,0,0,3.65,13.90740741,105.1851852,1,2.825,0.015,0.032,0.945999998,0.007,0,0,0.005639,611.4397581,3
Middle Creek,34,195,4,300-350,1,0,0,0,0,0,1,0,0,0,0,0,0,0,0,0,3.283333333,17.37037037,43.51851852,0,0,0.015,0.032,0.945999998,0.007,0,0,0.005639,611.4397581,3
Middle Creek,34,196,5,400-450,1,0,0,0,1,0,0,0,0,0,0,0,0,0,0,0,3.65,16.77777778,45.96296296,3,6.225,0.015,0.032,0.945999998,0.007,0,0,0.005639,611.4397581,3
Middle Creek,34,197,6,500-550,1,0,0,0,0,1,0,0,0,0,0,0,0,0,0,0,3.9,18.85185185,33.51851852,1,2.0125,0.015,0.032,0.945999998,0.007,0,0,0.005639,611.4397581,3
Mill Creek,35,198,1,0-50,0,0,0,0,0,0,0,0,0,0,0,0,0,0,0,0,4.016666667,18.25925926,49.2962963,2,3.71,0.007,0.062,0.929000001,0.001,0,0,0.011578,665.2470697,3
Mill Creek,35,199,2,100-150,0,0,0,0,0,0,0,0,0,0,1,0,0,0,1,0,1.8,6.814814815,12.87037037,3,4.25,0.007,0.062,0.929000001,0.001,0,0,0.011578,665.2470697,3
Mill Creek,35,200,3,200-250,0,0,0,0,1,0,0,0,0,0,1,0,0,0,1,0,1.833333333,7.685185185,10.64814815,1,0.78,0.007,0.062,0.929000001,0.001,0,0,0.011578,665.2470697,3
Mill Creek,35,201,4,300-350,1,0,0,0,1,0,1,0,0,0,0,0,1,1,0,0,2.133333333,6.333333333,22.27777778,1,1.955,0.007,0.062,0.929000001,0.001,0,0,0.011578,665.2470697,3
Mill Creek,35,202,5,400-450,1,0,0,0,1,0,1,0,0,0,1,0,1,0,0,0,1.866666667,8.166666667,23.38888889,0,0,0.007,0.062,0.929000001,0.001,0,0,0.011578,665.2470697,3
Mill Creek,35,203,6,500-550,1,0,0,0,0,0,1,0,0,0,0,0,0,0,0,0,1.716666667,7.444444444,19.57407407,0,0,0.007,0.062,0.929000001,0.001,0,0,0.011578,665.2470697,3
Moll Creek,36,204,1,0-50,1,0,0,0,1,0,1,0,0,0,0,0,1,0,0,0,1.733333333,6.148148148,19.2037037,1,0.795,0,0.336999999,0.663,0,0,0,0.011022,605.3364858,3
Moll Creek,36,205,2,100-150,0,0,0,0,0,0,0,0,0,0,0,0,0,0,0,0,2.566666667,11.07407407,32.5,3,11.945,0,0.336999999,0.663,0,0,0,0.011022,605.3364858,3
Moll Creek,36,206,3,200-250,1,0,0,0,1,0,1,0,0,0,0,0,0,1,0,0,2.833333333,12.66666667,64.66666667,1,7.616,0,0.336999999,0.663,0,0,0,0.011022,605.3364858,3
Moll Creek,36,207,4,300-350,1,0,0,0,1,0,0,0,0,0,0,0,0,0,0,0,3,11.53703704,88.83333333,0,0,0,0.336999999,0.663,0,0,0,0.011022,605.3364858,3
Moll Creek,36,208,5,400-450,1,0,0,0,1,0,0,0,0,0,0,0,0,0,0,0,3.033333333,10.74074074,68.7037037,3,8.5675,0,0.336999999,0.663,0,0,0,0.011022,605.3364858,3
Moll Creek,36,209,6,500-550,1,0,0,0,1,1,1,0,0,0,0,1,0,0,0,0,3.316666667,13.5,121.8888889,1,2.795,0,0.336999999,0.663,0,0,0,0.011022,605.3364858,3
Moses Branch,37,210,1,0-50,1,0,0,0,1,1,1,0,0,0,0,0,0,1,0,0,2.766666667,11.09259259,139.2777778,1,2.165,0,0.312,0.686999999,0,0,0,0.01597,507.3197319,2
Moses Branch,37,211,2,100-150,0,0,0,0,0,0,0,0,0,0,0,0,0,0,0,0,1.9,11.35185185,56.7037037,0,0,0,0.312,0.686999999,0,0,0,0.01597,507.3197319,2
Moses Branch,37,212,3,200-250,1,0,0,0,0,1,1,0,0,0,0,0,0,1,0,0,1.716666667,7.518518519,94.66666667,1,0.97,0,0.312,0.686999999,0,0,0,0.01597,507.3197319,2
Moses Branch,37,213,4,300-350,1,0,0,0,0,1,1,0,0,0,0,0,0,1,0,0,2.166666667,8.574074074,112.5925926,2,5.37,0,0.312,0.686999999,0,0,0,0.01597,507.3197319,2
Moses Branch,37,214,5,400-450,1,0,0,0,0,1,1,0,0,0,0,0,0,1,0,0,1.516666667,12.2037037,89.25925926,2,2.4825,0,0.312,0.686999999,0,0,0,0.01597,507.3197319,2
Moses Branch,37,215,6,500-550,1,0,0,0,0,1,1,0,0,0,0,0,0,1,0,0,1.666666667,10.92592593,116.3888889,0,0,0,0.312,0.686999999,0,0,0,0.01597,507.3197319,2
Mountain Branch,38,216,1,0-50,1,0,0,0,0,0,1,0,0,0,0,0,0,1,0,0,1.566666667,12.98148148,49.92592593,1,0.985,0,0.451999999,0.548,0,0,0,0.022887,617.101928,3
Mountain Branch,38,217,2,100-150,0,0,0,0,0,0,0,0,0,0,0,0,0,0,0,0,2.316666667,7.268518519,48.01851852,1,0.8225,0,0.451999999,0.548,0,0,0,0.022887,617.101928,3
Mountain Branch,38,218,3,200-250,1,0,0,1,0,1,1,0,0,0,0,1,0,1,0,0,2.15,8.574074074,55.42592593,1,1.32,0,0.451999999,0.548,0,0,0,0.022887,617.101928,3
Mountain Branch,38,219,4,300-350,1,0,0,0,0,1,1,0,0,0,0,0,0,1,0,0,2.2,12.2037037,17.68518519,1,1.09,0,0.451999999,0.548,0,0,0,0.022887,617.101928,3
Mountain Branch,38,220,5,400-450,1,0,0,0,0,1,1,0,0,0,0,0,0,1,0,0,2.133333333,9.407407407,36.98148148,2,2.3425,0,0.451999999,0.548,0,0,0,0.022887,617.101928,3
Mountain Branch,38,221,6,500-550,1,0,0,0,0,1,1,0,0,0,0,0,0,1,0,0,1.966666667,10,114.5925926,0,0,0,0.451999999,0.548,0,0,0,0.022887,617.101928,3
Mudlick Creek,39,222,1,150-200,1,0,0,0,0,1,1,0,0,0,0,0,0,0,0,0,2.25,10.38888889,51.25925926,2,5.495925,0.003,0.006,0.961000001,0.029,0.001,0,0.009318,702.7488402,3
Mudlick Creek,39,223,2,250-300,1,0,0,0,0,1,0,0,0,0,0,0,0,0,0,0,2.333333333,22.83648148,21.53703704,2,12.94765,0.003,0.006,0.961000001,0.029,0.001,0,0.009318,702.7488402,3
Mudlick Creek,39,224,3,350-400,0,0,0,0,0,0,0,0,0,0,0,0,0,0,0,0,2.783333333,21.70759259,45.2962963,4,16.125825,0.003,0.006,0.961000001,0.029,0.001,0,0.009318,702.7488402,3
Mudlick Creek,39,225,4,450-500,1,0,1,0,1,1,1,1,0,0,1,0,1,1,0,0,2.218181818,21.35909091,21.97979798,2,11.0363,0.003,0.006,0.961000001,0.029,0.001,0,0.009318,702.7488402,3
Mudlick Creek,39,226,5,50-100,1,0,0,0,0,1,1,1,0,0,0,0,0,1,0,0,3.163636364,13.35424242,17.26262626,1,7.5057,0.003,0.006,0.961000001,0.029,0.001,0,0.009318,702.7488402,3
Panther Branch,40,227,1,0-50,1,0,0,0,1,0,1,0,0,0,0,0,0,1,0,0,3.333333333,29.44518519,33.42592593,1,0.425,0,0.004,0.984000002,0.012,0,0,0.049947,656.9967651,2
Panther Branch,40,228,2,100-150,1,0,0,0,0,1,0,1,0,0,0,0,0,1,0,0,1.516666667,6.425925926,59.42592593,0,0,0,0.004,0.984000002,0.012,0,0,0.049947,656.9967651,2
Panther Branch,40,229,3,200-250,1,0,0,0,0,1,0,1,0,0,0,0,0,1,0,0,1.4,6.537037037,35.38888889,1,0.935,0,0.004,0.984000002,0.012,0,0,0.049947,656.9967651,2
Panther Branch,40,230,4,300-350,1,0,0,0,0,0,1,1,0,0,0,0,1,1,0,0,1.55,8.092592593,76.18518519,1,1.0725,0,0.004,0.984000002,0.012,0,0,0.049947,656.9967651,2
Panther Branch,40,231,5,400-450,0,0,0,0,0,0,0,0,0,0,0,0,0,0,0,0,0.866666667,8.259259259,31.33333333,1,0.615,0,0.004,0.984000002,0.012,0,0,0.049947,656.9967651,2
Panther Branch,40,232,6,500-550,1,0,0,0,0,1,0,0,0,0,0,0,0,1,0,0,0.9,5.777777778,86.72222222,3,0.8625,0,0.004,0.984000002,0.012,0,0,0.049947,656.9967651,2
Pine Creek,41,233,1,0-50,1,0,0,0,0,1,0,0,0,0,0,0,0,1,0,0,1.2,7.037037037,29.92592593,0,0,0.001,0.093,0.903000002,0.003,0.001,0,0.014573,678.671936,2
Pine Creek,41,234,2,100-150,1,0,0,0,0,1,0,0,0,0,0,0,0,1,0,0,1.409090909,7.656565657,50.60606061,0,0,0.001,0.093,0.903000002,0.003,0.001,0,0.014573,678.671936,2
Pine Creek,41,235,3,200-250,1,0,0,0,0,1,0,0,0,0,0,0,0,1,0,0,1.672727273,9.151515152,58.44444444,2,3.065,0.001,0.093,0.903000002,0.003,0.001,0,0.014573,678.671936,2
Pine Creek,41,236,4,300-350,1,0,0,0,0,1,0,0,0,0,0,0,0,1,0,0,1.727272727,6.606060606,47.64646465,0,0,0.001,0.093,0.903000002,0.003,0.001,0,0.014573,678.671936,2
Pine Creek,41,237,5,400-450,1,0,0,0,0,1,0,0,0,0,0,0,0,1,0,0,2.263636364,6.222222222,38.13131313,1,2.1025,0.001,0.093,0.903000002,0.003,0.001,0,0.014573,678.671936,2
Pine Creek,41,238,6,500-550,0,0,0,0,0,0,0,0,0,0,0,0,0,0,0,0,2.181818182,9.909090909,27.37373737,2,2.915,0.001,0.093,0.903000002,0.003,0.001,0,0.014573,678.671936,2
Right Fork Garden Creek,42,239,1,0-50,1,0,0,0,1,0,0,1,0,0,0,0,0,1,0,0,2.027272727,10.70707071,10.14141414,2,7.9075,1.20E-05,0.00015,0.999838,0,0,0,0.313771,519.056,3
Right Fork Garden Creek,42,240,2,100-150,1,0,0,0,1,1,0,0,0,0,0,0,0,1,0,0,4.783333333,15.64074074,23.64814815,1,9.1425,1.20E-05,0.00015,0.999838,0,0,0,0.313771,519.056,3
Right Fork Garden Creek,42,241,3,200-250,1,0,0,0,1,1,0,0,0,0,0,0,0,0,0,0,3.983333333,14.37962963,37.72222222,1,5.285,1.20E-05,0.00015,0.999838,0,0,0,0.313771,519.056,3
Right Fork Garden Creek,42,242,4,300-350,1,0,0,0,1,1,0,0,0,0,0,0,0,1,0,0,3.1,18,28.25925926,0,0,1.20E-05,0.00015,0.999838,0,0,0,0.313771,519.056,3
Right Fork Garden Creek,42,243,5,400-450,1,0,0,0,1,0,0,0,0,0,0,0,0,0,0,0,3.26,19.7037037,28.64814815,0,0,1.20E-05,0.00015,0.999838,0,0,0,0.313771,519.056,3
Right Fork Garden Creek,42,244,6,500-550,1,0,0,0,1,0,0,0,0,0,0,0,0,0,0,0,2.9,15.2037037,34.12962963,0,0,1.20E-05,0.00015,0.999838,0,0,0,0.313771,519.056,3
Right Fork Lick Creek,43,245,1,0-50,0,0,0,0,0,0,0,0,0,0,0,0,0,0,0,0,2.2,9.962962963,32.83333333,2,2.53,0.009,0.004,0.984000002,0.003,0,0,0.035575,558.0878292,3
Right Fork Lick Creek,43,246,2,100-150,1,0,0,0,0,1,0,0,0,1,0,0,0,1,0,0,2.516666667,9.833333333,76.5,1,1.0325,0.009,0.004,0.984000002,0.003,0,0,0.035575,558.0878292,3
Right Fork Lick Creek,43,247,3,200-250,1,0,0,0,0,1,0,0,0,1,0,0,0,1,0,0,1.633333333,8.814814815,129.0925926,5,4.78,0.009,0.004,0.984000002,0.003,0,0,0.035575,558.0878292,3
Right Fork Lick Creek,43,248,4,300-350,1,0,0,0,0,1,0,0,0,1,0,0,0,1,0,0,1.566666667,5.722222222,174.6296296,3,3.345,0.009,0.004,0.984000002,0.003,0,0,0.035575,558.0878292,3
Right Fork Lick Creek,43,249,5,400-450,1,0,0,0,0,1,0,0,0,0,0,0,0,1,0,0,1.733333333,7.296296296,70.61111111,1,1.0375,0.009,0.004,0.984000002,0.003,0,0,0.035575,558.0878292,3
Right Fork Lick Creek,43,250,6,500-550,1,0,0,0,0,1,0,0,0,1,0,0,0,1,0,0,2.033333333,9.12962963,45.85185185,3,7.3975,0.009,0.004,0.984000002,0.003,0,0,0.035575,558.0878292,3
Rocky Fork,44,251,1,0-50,1,0,0,0,0,1,0,0,0,1,0,0,0,1,0,0,1.916666667,9.259259259,81.22222222,2,3.865,0,0.079,0.920999999,0,0,0,0.007393,472.1969598,2
Rocky Fork,44,252,2,100-150,0,0,0,0,0,0,0,0,0,0,0,0,0,0,0,0,1.9,5.537037037,49.74074074,1,0.73,0,0.079,0.920999999,0,0,0,0.007393,472.1969598,2
Rocky Fork,44,253,3,200-250,1,0,0,0,0,0,0,0,0,0,0,0,0,0,0,0,2.466666667,7.185185185,61.98148148,1,2.38,0,0.079,0.920999999,0,0,0,0.007393,472.1969598,2
Rocky Fork,44,254,4,300-350,1,0,0,0,0,0,0,0,0,0,0,0,0,0,0,0,1.083333333,7.592592593,13,2,4.0675,0,0.079,0.920999999,0,0,0,0.007393,472.1969598,2
Rocky Fork,44,255,5,400-450,1,0,0,0,0,0,0,0,0,0,0,0,0,1,0,0,1.15,7.018518519,66.03703704,1,0.7175,0,0.079,0.920999999,0,0,0,0.007393,472.1969598,2
Seven Spring Creek,45,256,1,0-50,1,0,0,0,0,0,0,0,0,0,0,0,0,0,0,0,4.483333333,22.81481481,43.48148148,0,0,0.053,0.422000001,0.523000001,0.002,0,0,0.018004,486.1763611,2
Seven Spring Creek,45,257,2,100-150,1,0,0,0,1,0,0,0,0,0,0,0,0,0,0,0,3.85,20.05555556,62.37037037,1,2.3925,0.053,0.422000001,0.523000001,0.002,0,0,0.018004,486.1763611,2
Seven Spring Creek,45,258,3,200-250,1,0,0,0,0,0,0,0,0,0,0,0,0,0,0,0,3.533333333,14.09259259,76.48148148,1,1.61,0.053,0.422000001,0.523000001,0.002,0,0,0.018004,486.1763611,2
Seven Spring Creek,45,259,4,300-350,0,0,0,0,0,0,0,0,0,0,0,0,0,0,0,0,2.45,16.11111111,27.46296296,1,9.685,0.053,0.422000001,0.523000001,0.002,0,0,0.018004,486.1763611,2
Seven Spring Creek,45,260,5,400-450,1,0,0,0,0,1,1,0,0,0,0,0,0,1,0,1,2.216666667,18.55555556,32.7962963,1,1.3125,0.053,0.422000001,0.523000001,0.002,0,0,0.018004,486.1763611,2
Seven Spring Creek,45,261,6,500-550,1,0,0,0,0,1,1,0,0,0,0,0,0,1,0,1,2.783333333,9.722222222,125.4814815,1,1.7975,0.053,0.422000001,0.523000001,0.002,0,0,0.018004,486.1763611,2
Sinking Creek,46,262,1,0-50,1,0,0,1,0,1,1,0,0,0,0,0,0,1,0,1,3.016666667,10.40740741,8.333333333,3,6.4975,0.107,0.038,0.847,0.008,0,0,0.017743,472.2788998,3
Sinking Creek,46,263,2,100-150,1,0,0,1,0,1,1,0,0,0,0,0,0,1,0,1,2.483333333,13.09259259,10.62962963,2,13.655,0.107,0.038,0.847,0.008,0,0,0.017743,472.2788998,3
Sinking Creek,46,264,3,200-250,1,0,0,0,0,1,1,0,0,0,1,0,0,1,0,1,2.933333333,14.37037037,11.55555556,2,3.6675,0.107,0.038,0.847,0.008,0,0,0.017743,472.2788998,3
Sinking Creek,46,265,4,300-350,0,0,0,0,0,0,0,0,0,0,0,0,0,0,0,0,2.3,18.40740741,6.574074074,3,17.4025,0.107,0.038,0.847,0.008,0,0,0.017743,472.2788998,3
Sinking Creek,46,266,5,400-450,1,0,0,0,0,0,0,0,0,0,0,0,0,0,0,0,3.3,20.05555556,6.5,5,28.8625,0.107,0.038,0.847,0.008,0,0,0.017743,472.2788998,3
Sinking Creek,46,267,6,500-550,1,0,0,0,0,1,0,0,0,0,0,0,0,0,0,0,2.733333333,15.55555556,7.5,4,13.4875,0.107,0.038,0.847,0.008,0,0,0.017743,472.2788998,3
Stone Branch,47,268,1,0-50,1,0,0,0,0,1,0,0,0,0,0,0,0,0,0,0,2.15,6.685185185,51.88888889,0,0,0,0.058,0.931,0.011,0,0,0.024505,601.5954581,3
Stone Branch,47,269,2,100-150,1,0,0,0,0,1,0,0,0,0,0,0,0,0,0,0,1.45,6.981481481,107.7777778,1,0.9975,0,0.058,0.931,0.011,0,0,0.024505,601.5954581,3
Stone Branch,47,270,3,200-250,1,0,0,0,0,1,0,0,0,0,0,0,0,0,0,0,1.233333333,7.148148148,49.51851852,0,0,0,0.058,0.931,0.011,0,0,0.024505,601.5954581,3
Stone Branch,47,271,4,300-350,1,0,0,0,0,1,0,0,0,0,0,0,0,0,0,0,1.916666667,5.111111111,53.66666667,0,0,0,0.058,0.931,0.011,0,0,0.024505,601.5954581,3
Stone Branch,47,272,5,400-450,0,0,0,0,0,0,0,0,0,0,0,0,0,0,0,0,1.783333333,6.518518519,47.62962963,2,1.145,0,0.058,0.931,0.011,0,0,0.024505,601.5954581,3
Stone Branch,47,273,6,500-550,1,0,0,1,0,1,1,0,0,0,0,0,0,1,0,1,2.4,6.574074074,74.27777778,1,1.125,0,0.058,0.931,0.011,0,0,0.024505,601.5954581,3
Strow Creek,48,274,1,0-50,1,0,0,1,0,1,1,0,0,0,0,0,0,1,0,0,2.3,8.888888889,37.74747475,1,5.7825,0,0.002,0.980999999,0.017,0,0,0.004861,669.4210812,3
Strow Creek,48,275,2,100-150,1,0,0,0,0,1,1,0,0,0,0,0,0,1,0,0,1.518181818,8.131313131,18.64646465,2,2.65,0,0.002,0.980999999,0.017,0,0,0.004861,669.4210812,3
Strow Creek,48,276,3,200-250,1,0,0,1,0,1,1,0,0,0,0,0,0,1,0,0,1.263636364,10.68686869,5.818181818,2,3.08,0,0.002,0.980999999,0.017,0,0,0.004861,669.4210812,3
Strow Creek,48,277,4,300-350,1,0,0,0,0,1,0,0,0,0,0,0,0,1,0,1,1.366666667,9.962962963,7.203703704,0,0,0,0.002,0.980999999,0.017,0,0,0.004861,669.4210812,3
Sulphur Spring Creek,49,278,1,0-50,1,0,0,0,0,1,1,0,0,0,0,0,0,1,0,1,1.916666667,10.7962963,14.81481481,1,2.99375,0,1.00E-05,0.99998,1.00E-05,0,0,0.013,648.0487,2
Sulphur Spring Creek,49,279,2,100-150,0,0,0,0,0,0,0,0,0,0,0,0,0,0,0,0,1.866666667,12.56481481,24.01851852,0,0,0,1.00E-05,0.99998,1.00E-05,0,0,0.013,648.0487,2
Sulphur Spring Creek,49,280,3,200-250,1,0,0,0,0,1,0,1,1,0,1,0,0,1,0,0,1.833333333,9.962962963,42.57407407,1,5.5575,0,1.00E-05,0.99998,1.00E-05,0,0,0.013,648.0487,2
Sulphur Spring Creek,49,281,4,300-350,1,0,0,0,0,1,0,1,1,0,0,0,0,1,0,1,1.616666667,10.01851852,33.5,0,0,0,1.00E-05,0.99998,1.00E-05,0,0,0.013,648.0487,2
Sulphur Spring Creek,49,282,5,400-450,1,0,0,0,0,1,0,1,0,0,0,0,0,1,0,0,2.133333333,11.83333333,43.68518519,1,1.505,0,1.00E-05,0.99998,1.00E-05,0,0,0.013,648.0487,2
Sulphur Spring Creek,49,283,6,500-550,1,0,0,0,0,1,0,1,0,0,1,0,0,1,0,1,2.3,10.62962963,24.62962963,0,0,0,1.00E-05,0.99998,1.00E-05,0,0,0.013,648.0487,2
Town Hill Creek,50,284,1,0-50,1,0,0,0,0,1,0,1,1,0,0,0,0,1,0,0,1.936363636,9.202020202,48.16161616,2,3.6225,0.012,0.008,0.973999999,0.006,0,0,0.025473,632.1245108,2
Town Hill Creek,50,285,2,100-150,1,0,0,0,0,1,0,1,0,0,0,0,0,1,0,0,1.854545455,10.22222222,35.36363636,0,0,0.012,0.008,0.973999999,0.006,0,0,0.025473,632.1245108,2
Town Hill Creek,50,286,3,200-250,0,0,0,0,0,0,0,0,0,0,0,0,0,0,0,0,2.381818182,7.515151515,45.94949495,1,1.16,0.012,0.008,0.973999999,0.006,0,0,0.025473,632.1245108,2
Town Hill Creek,50,287,4,300-350,1,0,0,0,0,0,0,0,0,0,0,0,0,1,0,0,2.354545455,8.04040404,36.58585859,0,0,0.012,0.008,0.973999999,0.006,0,0,0.025473,632.1245108,2
Town Hill Creek,50,288,5,400-450,1,0,0,0,0,1,0,0,0,0,0,0,0,1,0,0,2.427272727,7.565656566,39.04040404,1,0.9075,0.012,0.008,0.973999999,0.006,0,0,0.025473,632.1245108,2
Town Hill Creek,50,289,6,500-550,1,0,0,0,0,1,0,0,0,0,0,0,0,1,0,0,2.290909091,8.474747475,53.26262626,1,1.305,0.012,0.008,0.973999999,0.006,0,0,0.025473,632.1245108,2
Tributary to Big Moccasin Creek,51,290,1,150-200,1,0,0,0,0,0,0,0,0,0,0,0,0,1,0,0,1.5,8.184444444,14.64814815,1,0.581025,0,0.367,0.633,0,0,0,0.04009,631.28424,2
Tributary to Big Moccasin Creek,51,291,2,250-300,1,0,0,0,0,0,0,0,0,0,0,0,0,1,0,0,1.183333333,5.503333333,29.42592593,0,0,0,0.367,0.633,0,0,0,0.04009,631.28424,2
Tributary to Big Moccasin Creek,51,292,3,350-400,1,0,0,0,0,0,0,0,0,0,0,0,0,1,0,0,1.133333333,5.291666667,38.75925926,0,0,0,0.367,0.633,0,0,0,0.04009,631.28424,2
Tributary to Big Moccasin Creek,51,293,4,450-500,0,0,0,0,0,0,0,0,0,0,0,0,0,0,0,0,1.916666667,6.867407407,66.57407407,2,1.18745,0,0.367,0.633,0,0,0,0.04009,631.28424,2
Tributary to Big Moccasin Creek,51,294,5,50-100,1,0,0,0,1,1,0,0,0,0,0,0,0,1,0,0,1.3,11.50055556,9.703703704,0,0,0,0.367,0.633,0,0,0,0.04009,631.28424,2
Tributary to Big Moccasin Creek,51,295,6,550-600,1,0,0,0,1,1,1,0,0,0,0,0,1,0,0,0,1.316666667,6.914444444,63.14814815,3,0.955675,0,0.367,0.633,0,0,0,0.04009,631.28424,2
Tributary to North Fork Clinch,52,296,1,0-50,1,0,0,0,1,1,0,0,0,0,0,0,0,1,0,0,1.05,15.40740741,19.16666667,0,0,0.003,0.494000001,0.498000001,0.004,0,0.001,0.010235,751.888732,4
Tributary to North Fork Clinch,52,297,2,100-150,1,0,0,0,1,1,0,0,0,0,0,0,0,1,0,1,1.1,15.01851852,10,1,3.865,0.003,0.494000001,0.498000001,0.004,0,0.001,0.010235,751.888732,4
Tributary to North Fork Clinch,52,298,3,200-250,1,0,0,0,0,1,0,0,0,0,0,0,0,1,0,0,1.633333333,11.66666667,15.72222222,0,0,0.003,0.494000001,0.498000001,0.004,0,0.001,0.010235,751.888732,4
Tributary to North Fork Clinch,52,299,4,300-350,0,0,0,0,0,0,0,0,0,0,0,0,0,0,0,0,3.7,18.35185185,58.33333333,1,1.6075,0.003,0.494000001,0.498000001,0.004,0,0.001,0.010235,751.888732,4
Tributary to North Fork Clinch,52,300,5,400-450,1,0,0,0,1,0,0,0,0,0,0,0,0,0,0,0,3.4,18.03703704,35.94444444,0,0,0.003,0.494000001,0.498000001,0.004,0,0.001,0.010235,751.888732,4
Tributary to North Fork Clinch,52,301,6,500-550,1,0,0,0,1,0,0,0,0,0,0,0,0,1,0,0,4.016666667,17.05555556,55.18518519,0,0,0.003,0.494000001,0.498000001,0.004,0,0.001,0.010235,751.888732,4
Tributary to Thompsons Branch,53,302,1,0-50,1,0,0,0,1,0,0,0,0,0,0,0,0,0,0,0,1.066666667,8.222222222,37.5,2,1.35,0,0.332000001,0.668,0,0,0,0.02988,498.7120971,2
Tributary to Thompsons Branch,53,303,2,100-150,1,0,0,0,1,1,0,0,0,0,0,0,0,1,0,0,1.4,6.296296296,44.66666667,3,0.4425,0,0.332000001,0.668,0,0,0,0.02988,498.7120971,2
Tributary to Thompsons Branch,53,304,3,200-250,1,0,0,0,1,0,0,0,0,0,0,0,0,0,1,0,1.15,5.981481481,53.51851852,3,2.7525,0,0.332000001,0.668,0,0,0,0.02988,498.7120971,2
Tributary to Thompsons Branch,53,305,4,300-350,1,0,0,0,1,1,0,0,0,0,0,0,0,1,0,0,1.733333333,6.388888889,64.96296296,2,1.7,0,0.332000001,0.668,0,0,0,0.02988,498.7120971,2
Tributary to Thompsons Branch,53,306,5,400-450,0,0,0,0,0,0,0,0,0,0,0,0,0,0,0,0,1.733333333,3.425925926,49.81481481,4,0.6875,0,0.332000001,0.668,0,0,0,0.02988,498.7120971,2
Tributary to Thompsons Branch,53,307,6,500-550,1,0,0,0,0,1,0,0,0,0,1,0,0,1,1,0,1.4,4.933333333,16.02222222,6,2.075,0,0.332000001,0.668,0,0,0,0.02988,498.7120971,2
Upper Big Lick,54,308,1,0-50,1,0,0,0,0,1,0,0,0,0,1,0,0,1,1,1,1.2,6.203703704,28.42592593,1,3.51,0,2.30E-05,0.999977,0,0,0,0.022,688.804,2
Upper Big Lick,54,309,2,100-150,1,0,0,0,0,1,0,0,0,0,1,0,0,1,1,0,1.566666667,7.12962963,16.40740741,0,0,0,2.30E-05,0.999977,0,0,0,0.022,688.804,2
Upper Big Lick,54,310,3,200-250,1,0,0,0,0,1,0,0,0,0,1,0,0,1,1,1,1.366666667,6.527777778,12.94444444,0,0,0,2.30E-05,0.999977,0,0,0,0.022,688.804,2
Upper Big Lick,54,311,4,300-350,1,0,0,0,0,1,0,0,0,0,1,0,0,1,1,1,1.05,5.598148148,11.7037037,1,1.39725,0,2.30E-05,0.999977,0,0,0,0.022,688.804,2
Upper Big Lick,54,312,5,400-450,1,0,0,0,0,1,0,0,0,0,1,0,0,1,1,1,0.883333333,6.074074074,30.03703704,0,0,0,2.30E-05,0.999977,0,0,0,0.022,688.804,2
Upper Big Lick,54,313,6,500-550,0,0,0,0,0,0,0,0,0,0,0,0,0,0,0,0,1.416666667,3.518518519,13.75925926,0,0,0,2.30E-05,0.999977,0,0,0,0.022,688.804,2
Upper Big Lick,54,314,7,50-100,1,0,0,0,0,0,0,0,0,0,0,0,0,0,0,0,1.616666667,3.416666667,37.88888889,1,1.15875,0,2.30E-05,0.999977,0,0,0,0.022,688.804,2
Upper Big Lick,54,315,8,150-200,1,0,0,0,0,0,0,0,0,0,0,0,0,0,0,0,1.216666667,4.425925926,54.77777778,0,0,0,2.30E-05,0.999977,0,0,0,0.022,688.804,2
Upper Big Lick,54,316,9,250-300,1,0,0,0,0,0,0,0,0,0,0,0,0,0,0,0,1.26,4.8,18.31111111,0,0,0,2.30E-05,0.999977,0,0,0,0.022,688.804,2
Upper Big Lick,54,317,10,350-400,1,0,0,0,1,0,0,0,0,0,0,0,0,0,0,0,1.166666667,6.287037037,31.40740741,0,0,0,2.30E-05,0.999977,0,0,0,0.022,688.804,2
Upper Big Lick,54,318,11,450-500,1,0,0,0,0,1,0,0,0,0,0,0,0,0,0,0,1.4,3.583333333,25.66666667,0,0,0,2.30E-05,0.999977,0,0,0,0.022,688.804,2
Upstream Hart Creek,55,319,1,0-50,1,0,0,0,1,1,0,0,0,0,0,0,0,0,0,0,1.7,8.202020202,43.93939394,0,0,0,0.145,0.854999998,0,0,0,0.009364,583.9644771,3
Upstream Hart Creek,55,320,2,100-150,0,0,0,0,0,0,0,0,0,0,0,0,0,0,0,0,1.65,5.657407407,55.65740741,2,1.29,0,0.145,0.854999998,0,0,0,0.009364,583.9644771,3
Upstream Hart Creek,55,321,3,200-250,1,0,0,0,0,1,1,0,0,0,0,0,0,1,0,0,1.77,7.233333333,59.28888889,2,1.295,0,0.145,0.854999998,0,0,0,0.009364,583.9644771,3
Upstream Hart Creek,55,322,4,300-350,1,0,0,0,0,1,1,0,0,0,0,0,0,1,0,0,1.663636364,7.313131313,50.27272727,0,0,0,0.145,0.854999998,0,0,0,0.009364,583.9644771,3
Upstream Hart Creek,55,323,5,400-450,1,0,0,0,0,1,1,0,0,1,0,0,0,1,0,0,1.104166667,5.26,27.53,0,0,0,0.145,0.854999998,0,0,0,0.009364,583.9644771,3
Upstream Hart Creek,55,324,6,500-550,1,0,0,0,0,1,1,0,0,0,0,0,0,1,0,1,0.775,7.75,31.34090909,1,0.795,0,0.145,0.854999998,0,0,0,0.009364,583.9644771,3
Upstream Pine,56,325,1,300-350,0,0,0,0,0,0,0,0,0,0,0,0,0,0,0,0,1.083333333,5.694444444,22.5,0,0,0,0.025,0.975,0,0,0,0.0082,691.537,2
Upstream Pine,56,326,2,400-450,1,0,0,0,0,1,1,0,0,0,0,0,0,1,0,0,1.333333333,3.916666667,37.87037037,0,0,0,0.025,0.975,0,0,0,0.0082,691.537,2
Upstream Pine,56,327,3,500-550,1,0,0,0,0,1,0,0,0,0,0,0,0,1,0,0,0.76,2.962962963,23.55555556,0,0,0,0.025,0.975,0,0,0,0.0082,691.537,2
US Chaney Creek,57,328,1,0-50,1,0,0,0,0,1,0,0,0,0,0,0,0,1,0,0,2.883333333,6.111111111,40.01851852,1,1.845,0,0.004,0.987,0.006,0.002,0,0.032812,527.7069699,2
US Chaney Creek,57,329,2,100-150,1,0,0,0,0,1,0,0,0,0,0,0,0,1,0,0,2.6,7.638888889,49.55555556,0,0,0,0.004,0.987,0.006,0.002,0,0.032812,527.7069699,2
US Chaney Creek,57,330,3,200-250,1,0,0,0,0,1,1,0,0,0,0,0,0,1,0,0,2.5,5.925925926,48.92592593,0,0,0,0.004,0.987,0.006,0.002,0,0.032812,527.7069699,2
US Chaney Creek,57,331,4,300-350,1,0,0,0,0,1,0,0,0,0,0,0,0,0,0,0,2.2,7.759259259,48.51851852,1,0.555,0,0.004,0.987,0.006,0.002,0,0.032812,527.7069699,2
US Chaney Creek,57,332,5,400-450,0,0,0,0,0,0,0,0,0,0,0,0,0,0,0,0,2.583333333,6.759259259,50.74074074,1,7.1175,0,0.004,0.987,0.006,0.002,0,0.032812,527.7069699,2
US Chaney Creek,57,333,6,500-550,1,0,0,0,0,0,1,0,0,0,0,0,0,0,0,0,2.766666667,6.759259259,48.75925926,0,0,0,0.004,0.987,0.006,0.002,0,0.032812,527.7069699,2
Vall Creek,58,334,1,0-50,1,0,0,0,0,1,0,0,0,0,0,0,0,0,0,0,3.733333333,9.611111111,63.11111111,1,1.165,0,0.013,0.987,0,0,0,0.0084,589.25,2
Vall Creek,58,335,2,100-150,1,0,0,1,0,0,0,0,0,0,0,0,0,0,0,0,2.16,9.398148148,50.98148148,1,1.765,0,0.013,0.987,0,0,0,0.0084,589.25,2
Vall Creek,58,336,3,200-250,1,0,0,0,0,0,0,0,0,0,0,0,0,0,0,0,2.02,9.768518519,50.57407407,2,1.8275,0,0.013,0.987,0,0,0,0.0084,589.25,2
Vall Creek,58,337,4,300-350,1,0,0,1,0,1,1,0,0,0,0,0,0,0,0,0,1.9,11.14814815,41.87037037,0,0,0,0.013,0.987,0,0,0,0.0084,589.25,2
Vall Creek,58,338,5,400-450,1,0,0,0,0,1,0,0,0,0,0,0,0,0,0,0,2.166666667,11.53703704,39.64814815,1,0.66125,0,0.013,0.987,0,0,0,0.0084,589.25,2
Vall Creek,58,339,6,500-550,0,0,0,0,0,0,0,0,0,0,0,0,0,0,0,0,1.84,15.53333333,63.85185185,1,3.945,0,0.013,0.987,0,0,0,0.0084,589.25,2
West Fork Big Creek,59,340,1,0-50,1,0,0,0,0,1,0,0,0,0,0,0,0,1,0,0,2.933333333,15.51851852,55.33333333,0,0,0.002,0.007,0.984000002,0.006,0.001,0,0.021324,618.5784298,3
West Fork Big Creek,59,341,2,100-150,1,0,0,0,0,1,0,0,0,0,0,0,0,1,0,0,4.683333333,12.75925926,105.8148148,0,0,0.002,0.007,0.984000002,0.006,0.001,0,0.021324,618.5784298,3
West Fork Big Creek,59,342,3,200-250,1,0,0,0,0,0,0,0,0,0,0,0,0,0,0,0,4.4,11.66666667,93.31481481,1,1.16,0.002,0.007,0.984000002,0.006,0.001,0,0.021324,618.5784298,3
West Fork Big Creek,59,343,4,300-350,1,0,0,0,0,1,0,0,0,0,0,0,0,1,0,0,3.266666667,7.648148148,159.5,0,0,0.002,0.007,0.984000002,0.006,0.001,0,0.021324,618.5784298,3
West Fork Big Creek,59,344,5,400-450,1,0,0,0,0,1,0,0,0,0,0,0,0,1,1,0,4.183333333,10.57407407,151.6666667,2,7.72,0.002,0.007,0.984000002,0.006,0.001,0,0.021324,618.5784298,3
West Fork Big Creek,59,345,6,500-550,1,0,0,0,0,0,0,0,0,0,0,0,0,1,0,0,4.266666667,10.2962963,180.5555556,1,3.6325,0.002,0.007,0.984000002,0.006,0.001,0,0.021324,618.5784298,3
Wrights Valley Creek,60,346,1,0-50,0,0,0,0,0,0,0,0,0,0,0,0,0,0,0,0,3.728571429,15.62727273,8.690909091,2,4.7575,0.041,0.134,0.82,0.005,0,0,0.004746,747.2250358,2
Wrights Valley Creek,60,347,2,100-150,1,0,0,0,0,0,0,0,0,0,1,0,0,1,0,1,3.16,13.81132075,52.69811321,2,5.4075,0.041,0.134,0.82,0.005,0,0,0.004746,747.2250358,2
Wrights Valley Creek,60,348,3,200-250,1,1,0,0,0,1,0,0,0,0,1,0,0,0,0,1,3.483333333,19.7962963,17.61111111,2,11.1825,0.041,0.134,0.82,0.005,0,0,0.004746,747.2250358,2
Wrights Valley Creek,60,349,4,300-350,1,0,0,0,0,1,1,0,0,0,1,0,1,0,0,1,3.5,18.2037037,36.75925926,1,2.465,0.041,0.134,0.82,0.005,0,0,0.004746,747.2250358,2
Wrights Valley Creek,60,350,5,400-450,1,0,0,0,1,0,0,0,0,0,0,0,0,1,0,0,3.783333333,22.72222222,28.48148148,1,4.85,0.041,0.134,0.82,0.005,0,0,0.004746,747.2250358,2
Wrights Valley Creek,60,351,6,500-550,1,0,0,0,1,0,1,0,0,0,0,0,0,0,0,0,4,13.57407407,30.42592593,0,0,0.041,0.134,0.82,0.005,0,0,0.004746,747.2250358,2
